time,pressure_kPa,dx_px,dy_px,tip_disp_px,tip_disp_mm,curvature_1_per_mm,base_x,base_y,mid_x,mid_y,tip_x,tip_y
1776743087.3065143,0.0,0,0,0.0,0.0,0.03612363764364205,284,366,324,264,426,184
1776743087.341579,0.0,0,0,0.0,0.0,0.03612363764364205,284,366,324,264,426,184
1776743087.3591542,0.0,0,0,0.0,0.0,0.03612363764364205,284,366,324,264,426,184
1776743087.3724728,0.0,0,0,0.0,0.0,0.03612363764364205,284,366,324,264,426,184
1776743087.3845162,0.0,0,0,0.0,0.0,0.03612363764364205,284,366,324,264,426,184
1776743087.405258,0.0,0,0,0.0,0.0,0.03612363764364205,284,366,324,264,426,184
1776743087.4351497,0.0,0,0,0.0,0.0,0.03612363764364205,284,366,324,264,426,184
1776743087.4701061,0.0,0,0,0.0,0.0,0.03612363764364205,284,366,324,264,426,184
1776743087.5008972,0.0,0,0,0.0,0.0,0.03612363764364205,284,366,324,264,426,184
1776743087.5335803,0.0,0,0,0.0,0.0,0.03612363764364205,284,366,324,264,426,184
1776743087.565202,0.0,0,0,0.0,0.0,0.03612363764364205,284,366,324,264,426,184
1776743087.6140301,0.0,0,0,0.0,0.0,0.03612363764364205,284,366,324,264,426,184
1776743087.6479995,0.0,0,0,0.0,0.0,0.03612363764364205,284,366,324,264,426,184
1776743087.6771793,0.0,0,0,0.0,0.0,0.03612363764364205,284,366,324,264,426,184
1776743087.7101238,0.0,0,0,0.0,0.0,0.03612363764364205,284,366,324,264,426,184
1776743087.7418933,0.0,0,0,0.0,0.0,0.03612363764364205,284,366,324,264,426,184
1776743087.7735229,0.0,0,0,0.0,0.0,0.03612363764364205,284,366,324,264,426,184
1776743087.8083267,0.0,0,0,0.0,0.0,0.03612363764364205,284,366,324,264,426,184
1776743087.8379493,0.0,0,0,0.0,0.0,0.03612363764364205,284,366,324,264,426,184
1776743087.869777,0.0,0,0,0.0,0.0,0.03612363764364205,284,366,324,264,426,184
1776743087.9018824,0.0,0,0,0.0,0.0,0.03612363764364205,284,366,324,264,426,184
1776743087.933099,0.0,0,0,0.0,0.0,0.03612363764364205,284,366,324,264,426,184
1776743087.9824455,0.0,0,0,0.0,0.0,0.03612363764364205,284,366,324,264,426,184
1776743088.0144904,0.0,0,0,0.0,0.0,0.03612363764364205,284,366,324,264,426,184
1776743088.0471385,0.0,0,0,0.0,0.0,0.03612363764364205,284,366,324,264,426,184
1776743088.0771751,0.0,0,0,0.0,0.0,0.03612363764364205,284,366,324,264,426,184
1776743088.111477,0.0,0,0,0.0,0.0,0.03612363764364205,284,366,324,264,426,184
1776743088.1439207,0.0,0,0,0.0,0.0,0.03612363764364205,284,366,324,264,426,184
1776743088.1753225,0.0,0,0,0.0,0.0,0.03612363764364205,284,366,324,264,426,184
1776743088.2050238,0.0,0,0,0.0,0.0,0.03612363764364205,284,366,324,264,426,184
1776743088.2363493,0.0,0,0,0.0,0.0,0.03612363764364205,284,366,324,264,426,184
1776743088.2700257,0.0,0,0,0.0,0.0,0.03612363764364205,284,366,324,264,426,184
1776743088.30263,0.0,0,0,0.0,0.0,0.03612363764364205,284,366,324,264,426,184
1776743088.3316712,0.0,0,0,0.0,0.0,0.03612363764364205,284,366,324,264,426,184
1776743088.3813765,0.0,0,0,0.0,0.0,0.03612363764364205,284,366,324,264,426,184
1776743088.412728,0.0,0,0,0.0,0.0,0.03612363764364205,284,366,324,264,426,184
1776743088.44456,0.0,0,0,0.0,0.0,0.03612363764364205,284,366,324,264,426,184
1776743088.4783173,0.0,0,0,0.0,0.0,0.03612363764364205,284,366,324,264,426,184
1776743088.5100667,0.0,0,0,0.0,0.0,0.03612363764364205,284,366,324,264,426,184
1776743088.5411522,0.0,0,0,0.0,0.0,0.03612363764364205,284,366,324,264,426,184
1776743088.5741205,0.0,0,0,0.0,0.0,0.03612363764364205,284,366,324,264,426,184
1776743088.605274,0.0,0,0,0.0,0.0,0.03612363764364205,284,366,324,264,426,184
1776743088.6375358,0.0,0,0,0.0,0.0,0.03612363764364205,284,366,324,264,426,184
1776743088.6699164,0.0,0,0,0.0,0.0,0.03612363764364205,284,366,324,264,426,184
1776743088.702133,0.0,0,0,0.0,0.0,0.03612363764364205,284,366,324,264,426,184
1776743088.7320518,0.0,0,0,0.0,0.0,0.03612363764364205,284,366,324,264,426,184
1776743088.781418,0.0,0,0,0.0,0.0,0.03612363764364205,284,366,324,264,426,184
1776743088.8139815,0.0,0,0,0.0,0.0,0.03612363764364205,284,366,324,264,426,184
1776743088.8455188,0.0,0,0,0.0,0.0,0.03612363764364205,284,366,324,264,426,184
1776743088.8811424,0.0,0,0,0.0,0.0,0.03612363764364205,284,366,324,264,426,184
1776743088.9107826,0.0,0,0,0.0,0.0,0.03612363764364205,284,366,324,264,426,184
1776743088.9420097,0.0,0,0,0.0,0.0,0.03612363764364205,284,366,324,264,426,184
1776743088.9749734,0.0,0,0,0.0,0.0,0.03612363764364205,284,366,324,264,426,184
1776743089.0044055,0.0,0,0,0.0,0.0,0.03612363764364205,284,366,324,264,426,184
1776743089.035734,0.0,0,0,0.0,0.0,0.03612363764364205,284,366,324,264,426,184
1776743089.0706248,0.0,0,0,0.0,0.0,0.03612363764364205,284,366,324,264,426,184
1776743089.1065555,0.0,0,0,0.0,0.0,0.03612363764364205,284,366,324,264,426,184
1776743089.133764,0.0,0,0,0.0,0.0,0.03612363764364205,284,366,324,264,426,184
1776743089.1804242,0.0,0,0,0.0,0.0,0.03612363764364205,284,366,324,264,426,184
1776743089.2113442,0.0,0,0,0.0,0.0,0.03612363764364205,284,366,324,264,426,184
1776743089.2445755,0.0,0,0,0.0,0.0,0.03612363764364205,284,366,324,264,426,184
1776743089.2770164,0.0,0,0,0.0,0.0,0.03612363764364205,284,366,324,264,426,184
1776743089.308156,0.0,0,0,0.0,0.0,0.03612363764364205,284,366,324,264,426,184
1776743089.3408766,0.0,0,0,0.0,0.0,0.03612363764364205,284,366,324,264,426,184
1776743089.3738456,0.0,0,0,0.0,0.0,0.03612363764364205,284,366,324,264,426,184
1776743089.403477,0.0,0,0,0.0,0.0,0.03612363764364205,284,366,324,264,426,184
1776743089.436381,0.0,0,0,0.0,0.0,0.03612363764364205,284,366,324,264,426,184
1776743089.469987,0.0,0,0,0.0,0.0,0.03612363764364205,284,366,324,264,426,184
1776743089.5034263,0.0,0,0,0.0,0.0,0.03612363764364205,284,366,324,264,426,184
1776743089.547896,0.0,0,0,0.0,0.0,0.03612363764364205,284,366,324,264,426,184
1776743089.5822735,0.0,0,0,0.0,0.0,0.03612363764364205,284,366,324,264,426,184
1776743089.6143851,0.0,0,0,0.0,0.0,0.03612363764364205,284,366,324,264,426,184
1776743089.6436498,0.0,0,0,0.0,0.0,0.03612363764364205,284,366,324,264,426,184
1776743089.6781685,0.0,0,0,0.0,0.0,0.03612363764364205,284,366,324,264,426,184
1776743089.7108004,0.0,0,0,0.0,0.0,0.03612363764364205,284,366,324,264,426,184
1776743089.740456,0.0,0,0,0.0,0.0,0.03612363764364205,284,366,324,264,426,184
1776743089.7755613,0.0,0,0,0.0,0.0,0.03612363764364205,284,366,324,264,426,184
1776743089.8079848,0.0,0,0,0.0,0.0,0.03612363764364205,284,366,324,264,426,184
1776743089.8433452,0.0,0,0,0.0,0.0,0.03612363764364205,284,366,324,264,426,184
1776743089.86851,0.0,0,0,0.0,0.0,0.03612363764364205,284,366,324,264,426,184
1776743089.9016647,0.0,0,0,0.0,0.0,0.03612363764364205,284,366,324,264,426,184
1776743089.9491544,0.0,0,0,0.0,0.0,0.03612363764364205,284,366,324,264,426,184
1776743089.9828436,1.253,0,0,0.0,0.0,0.03612363764364205,284,366,324,264,426,184
1776743090.0156438,2.5109,0,0,0.0,0.0,0.03612363764364205,284,366,324,264,426,184
1776743090.043594,2.5109,0,0,0.0,0.0,0.03612363764364205,284,366,324,264,426,184
1776743090.0794437,4.07827,0,0,0.0,0.0,0.03612363764364205,284,366,324,264,426,184
1776743090.1103451,4.07827,0,0,0.0,0.0,0.03612363764364205,284,366,324,264,426,184
1776743090.1451,6.109481,0,0,0.0,0.0,0.03612363764364205,284,366,324,264,426,184
1776743090.174193,6.109481,0,0,0.0,0.0,0.03612363764364205,284,366,324,264,426,184
1776743090.2062242,8.573844300000001,0,0,0.0,0.0,0.03612363764364205,284,366,324,264,426,184
1776743090.236559,11.30815329,0,0,0.0,0.0,0.03612363764364205,284,366,324,264,426,184
1776743090.272047,11.30815329,0,0,0.0,0.0,0.03612363764364205,284,366,324,264,426,184
1776743090.3010235,14.074445986999999,0,0,0.0,0.0,0.03612363764364205,284,366,324,264,426,184
1776743090.3517582,16.9063337961,0,0,0.0,0.0,0.03612363764364205,284,366,324,264,426,184
1776743090.3794556,16.9063337961,0,0,0.0,0.0,0.03612363764364205,284,366,324,264,426,184
1776743090.430621,17.75590013883,0,0,0.0,0.0,0.03612363764364205,284,366,324,264,426,184
1776743090.4469407,17.75590013883,0,0,0.0,0.0,0.03612363764364205,284,366,324,264,426,184
1776743090.4763427,18.010770041649,0,0,0.0,0.0,0.03612363764364205,284,366,324,264,426,184
1776743090.5078242,18.010770041649,0,0,0.0,0.0,0.03612363764364205,284,366,324,264,426,184
1776743090.5418699,18.087231012494698,0,0,0.0,0.0,0.03612363764364205,284,366,324,264,426,184
1776743090.5764947,18.110169303748407,0,0,0.0,0.0,0.03612363764364205,284,366,324,264,426,184
1776743090.6076722,18.110169303748407,0,0,0.0,0.0,0.03612363764364205,284,366,324,264,426,184
1776743090.636923,18.11705079112452,0,0,0.0,0.0,0.03612363764364205,284,366,324,264,426,184
1776743090.668342,18.11705079112452,0,0,0.0,0.0,0.03612363764364205,284,366,324,264,426,184
1776743090.7153332,18.119115237337354,0,0,0.0,0.0,0.03612363764364205,284,366,324,264,426,184
1776743090.748961,18.119734571201207,0,0,0.0,0.0,0.03612363764364205,284,366,324,264,426,184
1776743090.7801585,18.119734571201207,0,0,0.0,0.0,0.03612363764364205,284,366,324,264,426,184
1776743090.8127046,18.11992037136036,0,0,0.0,0.0,0.03612363764364205,284,366,324,264,426,184
1776743090.8443604,18.11992037136036,0,0,0.0,0.0,0.03612363764364205,284,366,324,264,426,184
1776743090.8765504,18.119976111408107,0,0,0.0,0.0,0.03612363764364205,284,366,324,264,426,184
1776743090.907238,18.119976111408107,0,0,0.0,0.0,0.03612363764364205,284,366,324,264,426,184
1776743090.939793,18.11999283342243,0,0,0.0,0.0,0.03612363764364205,284,366,324,264,426,184
1776743090.973864,18.119997850026728,0,0,0.0,0.0,0.03612363764364205,284,366,324,264,426,184
1776743091.0036197,18.119997850026728,0,0,0.0,0.0,0.03612363764364205,284,366,324,264,426,184
1776743091.0375042,18.11999935500802,0,0,0.0,0.0,0.03612363764364205,284,366,324,264,426,184
1776743091.0693684,18.11999935500802,0,0,0.0,0.0,0.03612363764364205,284,366,324,264,426,184
1776743091.1160657,18.119999806502406,0,0,0.0,0.0,0.03612363764364205,284,366,324,264,426,184
1776743091.1481235,18.11999994195072,0,0,0.0,0.0,0.03612363764364205,284,366,324,264,426,184
1776743091.1798146,18.11999994195072,0,0,0.0,0.0,0.03612363764364205,284,366,324,264,426,184
1776743091.2126215,18.119999982585213,0,0,0.0,0.0,0.03612363764364205,284,366,324,264,426,184
1776743091.243986,18.119999982585213,0,0,0.0,0.0,0.03612363764364205,284,366,324,264,426,184
1776743091.2780435,18.11999999477556,0,0,0.0,0.0,0.03612363764364205,284,366,324,264,426,184
1776743091.3137298,18.119999998432668,0,0,0.0,0.0,0.03612363764364205,284,366,324,264,426,184
1776743091.3416576,18.119999998432668,0,0,0.0,0.0,0.03612363764364205,284,366,324,264,426,184
1776743091.3756566,18.1199999995298,0,0,0.0,0.0,0.03612363764364205,284,366,324,264,426,184
1776743091.4053485,18.1199999995298,0,0,0.0,0.0,0.03612363764364205,284,366,324,264,426,184
1776743091.4362094,18.11999999985894,0,0,0.0,0.0,0.03612363764364205,284,366,324,264,426,184
1776743091.4708436,18.11999999985894,0,0,0.0,0.0,0.03612363764364205,284,366,324,264,426,184
1776743091.5172722,18.11999999995768,0,0,0.0,0.0,0.03612363764364205,284,366,324,264,426,184
1776743091.5493665,18.119999999987304,0,0,0.0,0.0,0.03612363764364205,284,366,324,264,426,184
1776743091.5797918,18.119999999987304,0,0,0.0,0.0,0.03612363764364205,284,366,324,264,426,184
1776743091.6125023,18.11999999999619,0,0,0.0,0.0,0.03612363764364205,284,366,324,264,426,184
1776743091.6450315,18.11999999999619,0,0,0.0,0.0,0.03612363764364205,284,366,324,264,426,184
1776743091.676292,18.119999999998857,0,0,0.0,0.0,0.03612363764364205,284,366,324,264,426,184
1776743091.711733,18.119999999999656,0,0,0.0,0.0,0.03612363764364205,284,366,324,264,426,184
1776743091.741426,18.119999999999656,0,0,0.0,0.0,0.03612363764364205,284,366,324,264,426,184
1776743091.774758,18.119999999999898,0,0,0.0,0.0,0.03612363764364205,284,366,324,264,426,184
1776743091.8045924,18.119999999999898,0,0,0.0,0.0,0.03612363764364205,284,366,324,264,426,184
1776743091.8378668,18.11999999999997,0,0,0.0,0.0,0.03612363764364205,284,366,324,264,426,184
1776743091.8705595,18.11999999999997,0,0,0.0,0.0,0.03612363764364205,284,366,324,264,426,184
1776743091.9180882,18.11999999999999,0,0,0.0,0.0,0.03612363764364205,284,366,324,264,426,184
1776743091.9490142,18.119999999999997,0,0,0.0,0.0,0.03612363764364205,284,366,324,264,426,184
1776743091.9794128,18.119999999999997,0,0,0.0,0.0,0.03612363764364205,284,366,324,264,426,184
1776743092.0148423,18.119999999999997,0,0,0.0,0.0,0.03612363764364205,284,366,324,264,426,184
1776743092.051435,18.119999999999997,0,0,0.0,0.0,0.03612363764364205,284,366,324,264,426,184
1776743092.0766797,18.119999999999997,0,0,0.0,0.0,0.03612363764364205,284,366,324,264,426,184
1776743092.1096988,18.119999999999997,0,0,0.0,0.0,0.03612363764364205,284,366,324,264,426,184
1776743092.1433046,18.119999999999997,0,0,0.0,0.0,0.03612363764364205,284,366,324,264,426,184
1776743092.1751516,18.119999999999997,0,0,0.0,0.0,0.03612363764364205,284,366,324,264,426,184
1776743092.2047224,18.119999999999997,0,0,0.0,0.0,0.03612363764364205,284,366,324,264,426,184
1776743092.2366698,18.119999999999997,0,0,0.0,0.0,0.03612363764364205,284,366,324,264,426,184
1776743092.2841306,18.119999999999997,0,0,0.0,0.0,0.03612363764364205,284,366,324,264,426,184
1776743092.317134,18.119999999999997,0,0,0.0,0.0,0.03612363764364205,284,366,324,264,426,184
1776743092.347258,18.119999999999997,0,0,0.0,0.0,0.03612363764364205,284,366,324,264,426,184
1776743092.3807263,18.119999999999997,0,0,0.0,0.0,0.03612363764364205,284,366,324,264,426,184
1776743092.4125829,18.119999999999997,0,0,0.0,0.0,0.03612363764364205,284,366,324,264,426,184
1776743092.4465666,18.119999999999997,0,0,0.0,0.0,0.03612363764364205,284,366,324,264,426,184
1776743092.4798017,18.119999999999997,0,0,0.0,0.0,0.03612363764364205,284,366,324,264,426,184
1776743092.5069566,18.119999999999997,0,0,0.0,0.0,0.03612363764364205,284,366,324,264,426,184
1776743092.5395565,18.119999999999997,0,0,0.0,0.0,0.03612363764364205,284,366,324,264,426,184
1776743092.5753908,18.119999999999997,0,0,0.0,0.0,0.03612363764364205,284,366,324,264,426,184
1776743092.606176,18.119999999999997,0,0,0.0,0.0,0.03612363764364205,284,366,324,264,426,184
1776743092.6366801,18.119999999999997,0,0,0.0,0.0,0.03612363764364205,284,366,324,264,426,184
1776743092.6851876,18.119999999999997,0,0,0.0,0.0,0.03612363764364205,284,366,324,264,426,184
1776743092.7171578,18.119999999999997,0,0,0.0,0.0,0.03612363764364205,284,366,324,264,426,184
1776743092.7481523,18.119999999999997,0,0,0.0,0.0,0.03612363764364205,284,366,324,264,426,184
1776743092.778636,18.119999999999997,0,0,0.0,0.0,0.03612363764364205,284,366,324,264,426,184
1776743092.8125477,18.119999999999997,0,0,0.0,0.0,0.03612363764364205,284,366,324,264,426,184
1776743092.8454235,18.119999999999997,0,0,0.0,0.0,0.03612363764364205,284,366,324,264,426,184
1776743092.8763666,18.119999999999997,0,0,0.0,0.0,0.03612363764364205,284,366,324,264,426,184
1776743092.908025,18.119999999999997,0,0,0.0,0.0,0.03612363764364205,284,366,324,264,426,184
1776743092.9417746,18.119999999999997,0,0,0.0,0.0,0.03612363764364205,284,366,324,264,426,184
1776743092.9717498,18.119999999999997,0,0,0.0,0.0,0.03612363764364205,284,366,324,264,426,184
1776743093.0054605,18.119999999999997,0,0,0.0,0.0,0.03612363764364205,284,366,324,264,426,184
1776743093.0365288,18.119999999999997,0,0,0.0,0.0,0.03612363764364205,284,366,324,264,426,184
1776743093.083869,18.119999999999997,0,0,0.0,0.0,0.03612363764364205,284,366,324,264,426,184
1776743093.1174958,18.119999999999997,0,0,0.0,0.0,0.03612363764364205,284,366,324,264,426,184
1776743093.1478934,18.119999999999997,0,0,0.0,0.0,0.03612363764364205,284,366,324,264,426,184
1776743093.1805773,18.119999999999997,0,0,0.0,0.0,0.03612363764364205,284,366,324,264,426,184
1776743093.2120545,18.119999999999997,0,0,0.0,0.0,0.03612363764364205,284,366,324,264,426,184
1776743093.2436302,18.119999999999997,0,0,0.0,0.0,0.03612363764364205,284,366,324,264,426,184
1776743093.277468,18.119999999999997,0,0,0.0,0.0,0.03612363764364205,284,366,324,264,426,184
1776743093.3088272,18.119999999999997,0,0,0.0,0.0,0.03612363764364205,284,366,324,264,426,184
1776743093.3399918,18.119999999999997,0,0,0.0,0.0,0.03612363764364205,284,366,324,264,426,184
1776743093.373082,18.119999999999997,0,0,0.0,0.0,0.03612363764364205,284,366,324,264,426,184
1776743093.4032333,18.119999999999997,0,0,0.0,0.0,0.03612363764364205,284,366,324,264,426,184
1776743093.4544306,18.119999999999997,0,0,0.0,0.0,0.03612363764364205,284,366,324,264,426,184
1776743093.4870365,18.119999999999997,0,0,0.0,0.0,0.03612363764364205,284,366,324,264,426,184
1776743093.5152683,18.119999999999997,0,0,0.0,0.0,0.03612363764364205,284,366,324,264,426,184
1776743093.549424,18.119999999999997,0,0,0.0,0.0,0.03612363764364205,284,366,324,264,426,184
1776743093.5818589,18.119999999999997,0,0,0.0,0.0,0.03612363764364205,284,366,324,264,426,184
1776743093.6167724,18.119999999999997,0,0,0.0,0.0,0.03612363764364205,284,366,324,264,426,184
1776743093.6474688,18.119999999999997,0,0,0.0,0.0,0.03612363764364205,284,366,324,264,426,184
1776743093.676661,18.119999999999997,0,0,0.0,0.0,0.03612363764364205,284,366,324,264,426,184
1776743093.7083423,18.119999999999997,0,0,0.0,0.0,0.03612363764364205,284,366,324,264,426,184
1776743093.7420876,18.119999999999997,0,0,0.0,0.0,0.03612363764364205,284,366,324,264,426,184
1776743093.7790446,18.119999999999997,0,0,0.0,0.0,0.03612363764364205,284,366,324,264,426,184
1776743093.8042314,18.119999999999997,0,0,0.0,0.0,0.03612363764364205,284,366,324,264,426,184
1776743093.8514974,18.119999999999997,0,0,0.0,0.0,0.03612363764364205,284,366,324,264,426,184
1776743093.8859925,18.119999999999997,0,0,0.0,0.0,0.03612363764364205,284,366,324,264,426,184
1776743093.9165246,18.119999999999997,0,0,0.0,0.0,0.03612363764364205,284,366,324,264,426,184
1776743093.9476893,18.119999999999997,0,0,0.0,0.0,0.03612363764364205,284,366,324,264,426,184
1776743093.982731,18.119999999999997,0,0,0.0,0.0,0.03612363764364205,284,366,324,264,426,184
1776743094.0131004,18.119999999999997,0,0,0.0,0.0,0.03612363764364205,284,366,324,264,426,184
1776743094.0444944,18.119999999999997,0,0,0.0,0.0,0.03612363764364205,284,366,324,264,426,184
1776743094.0822403,18.119999999999997,0,0,0.0,0.0,0.03612363764364205,284,366,324,264,426,184
1776743094.108977,18.119999999999997,0,0,0.0,0.0,0.03612363764364205,284,366,324,264,426,184
1776743094.1416867,18.119999999999997,0,0,0.0,0.0,0.03612363764364205,284,366,324,264,426,184
1776743094.1754563,18.119999999999997,0,0,0.0,0.0,0.03612363764364205,284,366,324,264,426,184
1776743094.206215,18.119999999999997,0,0,0.0,0.0,0.03612363764364205,284,366,324,264,426,184
1776743094.2526104,18.119999999999997,0,0,0.0,0.0,0.03612363764364205,284,366,324,264,426,184
1776743094.2834492,18.119999999999997,0,0,0.0,0.0,0.03612363764364205,284,366,324,264,426,184
1776743094.318368,18.119999999999997,0,0,0.0,0.0,0.03612363764364205,284,366,324,264,426,184
1776743094.3490045,18.119999999999997,0,0,0.0,0.0,0.03612363764364205,284,366,324,264,426,184
1776743094.379099,18.119999999999997,0,0,0.0,0.0,0.03612363764364205,284,366,324,264,426,184
1776743094.4124248,18.119999999999997,0,0,0.0,0.0,0.03612363764364205,284,366,324,264,426,184
1776743094.449164,18.119999999999997,0,0,0.0,0.0,0.03612363764364205,284,366,324,264,426,184
1776743094.4769514,18.119999999999997,0,0,0.0,0.0,0.03612363764364205,284,366,324,264,426,184
1776743094.5107605,18.119999999999997,0,0,0.0,0.0,0.03612363764364205,284,366,324,264,426,184
1776743094.540798,18.119999999999997,0,0,0.0,0.0,0.03612363764364205,284,366,324,264,426,184
1776743094.574062,18.119999999999997,0,0,0.0,0.0,0.03612363764364205,284,366,324,264,426,184
1776743094.606818,18.119999999999997,0,0,0.0,0.0,0.03612363764364205,284,366,324,264,426,184
1776743094.654342,18.119999999999997,0,0,0.0,0.0,0.03612363764364205,284,366,324,264,426,184
1776743094.682208,18.119999999999997,0,0,0.0,0.0,0.03612363764364205,284,366,324,264,426,184
1776743094.716337,18.119999999999997,0,0,0.0,0.0,0.03612363764364205,284,366,324,264,426,184
1776743094.7482378,18.119999999999997,0,0,0.0,0.0,0.03612363764364205,284,366,324,264,426,184
1776743094.7809677,18.119999999999997,0,0,0.0,0.0,0.03612363764364205,284,366,324,264,426,184
1776743094.8119266,18.119999999999997,0,0,0.0,0.0,0.03612363764364205,284,366,324,264,426,184
1776743094.844993,18.119999999999997,0,0,0.0,0.0,0.03612363764364205,284,366,324,264,426,184
1776743094.8762002,18.119999999999997,0,0,0.0,0.0,0.03612363764364205,284,366,324,264,426,184
1776743094.909596,18.119999999999997,0,0,0.0,0.0,0.03612363764364205,284,366,324,264,426,184
1776743094.9413457,18.119999999999997,0,0,0.0,0.0,0.03612363764364205,284,366,324,264,426,184
1776743094.9765975,18.119999999999997,0,0,0.0,0.0,0.03612363764364205,284,366,324,264,426,184
1776743095.025007,18.119999999999997,0,0,0.0,0.0,0.03612363764364205,284,366,324,264,426,184
1776743095.0515943,18.119999999999997,0,0,0.0,0.0,0.03612363764364205,284,366,324,264,426,184
1776743095.083889,18.119999999999997,0,0,0.0,0.0,0.03612363764364205,284,366,324,264,426,184
1776743095.116734,18.119999999999997,0,0,0.0,0.0,0.03612363764364205,284,366,324,264,426,184
1776743095.1480975,18.119999999999997,0,0,0.0,0.0,0.03612363764364205,284,366,324,264,426,184
1776743095.18133,18.119999999999997,0,0,0.0,0.0,0.03612363764364205,284,366,324,264,426,184
1776743095.2110534,18.119999999999997,0,0,0.0,0.0,0.03612363764364205,284,366,324,264,426,184
1776743095.2466822,18.119999999999997,0,0,0.0,0.0,0.03612363764364205,284,366,324,264,426,184
1776743095.2806637,18.119999999999997,0,0,0.0,0.0,0.03612363764364205,284,366,324,264,426,184
1776743095.3079286,18.119999999999997,0,0,0.0,0.0,0.03612363764364205,284,366,324,264,426,184
1776743095.3402302,18.119999999999997,0,0,0.0,0.0,0.03612363764364205,284,366,324,264,426,184
1776743095.3750715,18.119999999999997,0,0,0.0,0.0,0.03612363764364205,284,366,324,264,426,184
1776743095.4209235,18.119999999999997,0,0,0.0,0.0,0.03612363764364205,284,366,324,264,426,184
1776743095.4551325,18.119999999999997,0,0,0.0,0.0,0.03612363764364205,284,366,324,264,426,184
1776743095.4843118,18.119999999999997,0,0,0.0,0.0,0.03612363764364205,284,366,324,264,426,184
1776743095.5158942,18.119999999999997,0,0,0.0,0.0,0.03612363764364205,284,366,324,264,426,184
1776743095.5491805,18.119999999999997,0,0,0.0,0.0,0.03612363764364205,284,366,324,264,426,184
1776743095.5812542,18.119999999999997,0,0,0.0,0.0,0.03612363764364205,284,366,324,264,426,184
1776743095.6132114,18.119999999999997,0,0,0.0,0.0,0.03612363764364205,284,366,324,264,426,184
1776743095.6449797,18.119999999999997,0,0,0.0,0.0,0.03612363764364205,284,366,324,264,426,184
1776743095.677704,18.119999999999997,0,0,0.0,0.0,0.03612363764364205,284,366,324,264,426,184
1776743095.7104158,18.119999999999997,0,0,0.0,0.0,0.03612363764364205,284,366,324,264,426,184
1776743095.7425585,18.119999999999997,0,0,0.0,0.0,0.03612363764364205,284,366,324,264,426,184
1776743095.7746437,18.119999999999997,0,0,0.0,0.0,0.03612363764364205,284,366,324,264,426,184
1776743095.8192246,18.119999999999997,0,0,0.0,0.0,0.03612363764364205,284,366,324,264,426,184
1776743095.8529904,18.119999999999997,0,0,0.0,0.0,0.03612363764364205,284,366,324,264,426,184
1776743095.8851979,18.119999999999997,0,0,0.0,0.0,0.03612363764364205,284,366,324,264,426,184
1776743095.916295,18.119999999999997,0,0,0.0,0.0,0.03612363764364205,284,366,324,264,426,184
1776743095.9496815,18.119999999999997,0,0,0.0,0.0,0.03612363764364205,284,366,324,264,426,184
1776743095.9818113,18.119999999999997,0,0,0.0,0.0,0.03612363764364205,284,366,324,264,426,184
1776743096.0166943,18.119999999999997,0,0,0.0,0.0,0.03612363764364205,284,366,324,264,426,184
1776743096.0449054,18.119999999999997,0,0,0.0,0.0,0.03612363764364205,284,366,324,264,426,184
1776743096.0785813,18.119999999999997,0,0,0.0,0.0,0.03612363764364205,284,366,324,264,426,184
1776743096.1111617,18.119999999999997,0,0,0.0,0.0,0.03612363764364205,284,366,324,264,426,184
1776743096.140643,18.119999999999997,0,0,0.0,0.0,0.03612363764364205,284,366,324,264,426,184
1776743096.187525,18.119999999999997,0,0,0.0,0.0,0.03612363764364205,284,366,324,264,426,184
1776743096.2206852,18.119999999999997,0,0,0.0,0.0,0.03612363764364205,284,366,324,264,426,184
1776743096.2341087,18.119999999999997,0,0,0.0,0.0,0.03612363764364205,284,366,324,264,426,184
1776743096.2845922,18.119999999999997,0,0,0.0,0.0,0.03612363764364205,284,366,324,264,426,184
1776743096.3161154,18.119999999999997,0,0,0.0,0.0,0.03612363764364205,284,366,324,264,426,184
1776743096.350077,18.119999999999997,0,0,0.0,0.0,0.03612363764364205,284,366,324,264,426,184
1776743096.37993,18.119999999999997,0,0,0.0,0.0,0.03612363764364205,284,366,324,264,426,184
1776743096.4126549,18.119999999999997,0,0,0.0,0.0,0.03612363764364205,284,366,324,264,426,184
1776743096.4446018,18.119999999999997,0,0,0.0,0.0,0.03612363764364205,284,366,324,264,426,184
1776743096.4778616,18.119999999999997,0,0,0.0,0.0,0.03612363764364205,284,366,324,264,426,184
1776743096.5076752,18.119999999999997,0,0,0.0,0.0,0.03612363764364205,284,366,324,264,426,184
1776743096.542881,18.119999999999997,0,0,0.0,0.0,0.03612363764364205,284,366,324,264,426,184
1776743096.5881202,18.119999999999997,0,0,0.0,0.0,0.03612363764364205,284,366,324,264,426,184
1776743096.6204238,18.119999999999997,0,0,0.0,0.0,0.03612363764364205,284,366,324,264,426,184
1776743096.6540208,18.119999999999997,0,0,0.0,0.0,0.03612363764364205,284,366,324,264,426,184
1776743096.6860945,18.119999999999997,0,0,0.0,0.0,0.03612363764364205,284,366,324,264,426,184
1776743096.720774,18.119999999999997,0,0,0.0,0.0,0.03612363764364205,284,366,324,264,426,184
1776743096.748803,18.119999999999997,0,0,0.0,0.0,0.03612363764364205,284,366,324,264,426,184
1776743096.7832668,18.119999999999997,0,0,0.0,0.0,0.03612363764364205,284,366,324,264,426,184
1776743096.8123944,18.119999999999997,0,0,0.0,0.0,0.03612363764364205,284,366,324,264,426,184
1776743096.845897,18.119999999999997,0,0,0.0,0.0,0.03612363764364205,284,366,324,264,426,184
1776743096.8811839,18.119999999999997,0,0,0.0,0.0,0.03612363764364205,284,366,324,264,426,184
1776743096.9078603,18.119999999999997,0,0,0.0,0.0,0.03612363764364205,284,366,324,264,426,184
1776743096.9419715,18.119999999999997,0,0,0.0,0.0,0.03612363764364205,284,366,324,264,426,184
1776743096.9899929,18.119999999999997,0,0,0.0,0.0,0.03612363764364205,284,366,324,264,426,184
1776743097.0219026,18.119999999999997,0,0,0.0,0.0,0.03612363764364205,284,366,324,264,426,184
1776743097.0543604,18.119999999999997,0,0,0.0,0.0,0.03612363764364205,284,366,324,264,426,184
1776743097.0860312,18.119999999999997,0,0,0.0,0.0,0.03612363764364205,284,366,324,264,426,184
1776743097.118973,18.119999999999997,0,0,0.0,0.0,0.03612363764364205,284,366,324,264,426,184
1776743097.1482844,18.119999999999997,0,0,0.0,0.0,0.03612363764364205,284,366,324,264,426,184
1776743097.181306,18.119999999999997,0,0,0.0,0.0,0.03612363764364205,284,366,324,264,426,184
1776743097.212201,18.119999999999997,0,0,0.0,0.0,0.03612363764364205,284,366,324,264,426,184
1776743097.2456374,18.119999999999997,0,0,0.0,0.0,0.03612363764364205,284,366,324,264,426,184
1776743097.2768402,18.119999999999997,0,0,0.0,0.0,0.03612363764364205,284,366,324,264,426,184
1776743097.3102694,18.119999999999997,0,0,0.0,0.0,0.03612363764364205,284,366,324,264,426,184
1776743097.3548746,18.119999999999997,0,0,0.0,0.0,0.03612363764364205,284,366,324,264,426,184
1776743097.3893776,18.119999999999997,0,0,0.0,0.0,0.03612363764364205,284,366,324,264,426,184
1776743097.4026222,18.119999999999997,0,0,0.0,0.0,0.03612363764364205,284,366,324,264,426,184
1776743097.4223478,18.119999999999997,0,0,0.0,0.0,0.03612363764364205,284,366,324,264,426,184
1776743097.4845774,18.119999999999997,0,0,0.0,0.0,0.03612363764364205,284,366,324,264,426,184
1776743097.516841,18.119999999999997,0,0,0.0,0.0,0.03612363764364205,284,366,324,264,426,184
1776743097.5473595,18.119999999999997,0,0,0.0,0.0,0.03612363764364205,284,366,324,264,426,184
1776743097.5811553,18.119999999999997,0,0,0.0,0.0,0.03612363764364205,284,366,324,264,426,184
1776743097.6120818,18.119999999999997,0,0,0.0,0.0,0.03612363764364205,284,366,324,264,426,184
1776743097.6441905,18.119999999999997,0,0,0.0,0.0,0.03612363764364205,284,366,324,264,426,184
1776743097.6766481,18.119999999999997,0,0,0.0,0.0,0.03612363764364205,284,366,324,264,426,184
1776743097.7118957,18.119999999999997,0,0,0.0,0.0,0.03612363764364205,284,366,324,264,426,184
1776743097.7562637,18.119999999999997,0,0,0.0,0.0,0.03612363764364205,284,366,324,264,426,184
1776743097.791669,18.119999999999997,0,0,0.0,0.0,0.03612363764364205,284,366,324,264,426,184
1776743097.8036668,18.119999999999997,0,0,0.0,0.0,0.03612363764364205,284,366,324,264,426,184
1776743097.8222103,18.119999999999997,0,0,0.0,0.0,0.03612363764364205,284,366,324,264,426,184
1776743097.8860478,18.119999999999997,0,0,0.0,0.0,0.03612363764364205,284,366,324,264,426,184
1776743097.9172904,18.119999999999997,0,0,0.0,0.0,0.03612363764364205,284,366,324,264,426,184
1776743097.9489741,18.119999999999997,0,0,0.0,0.0,0.03612363764364205,284,366,324,264,426,184
1776743097.9809077,18.119999999999997,0,0,0.0,0.0,0.03612363764364205,284,366,324,264,426,184
1776743098.014079,18.119999999999997,0,0,0.0,0.0,0.03612363764364205,284,366,324,264,426,184
1776743098.0444,18.119999999999997,0,0,0.0,0.0,0.03612363764364205,284,366,324,264,426,184
1776743098.0765624,18.119999999999997,0,0,0.0,0.0,0.03612363764364205,284,366,324,264,426,184
1776743098.108115,18.119999999999997,0,0,0.0,0.0,0.03612363764364205,284,366,324,264,426,184
1776743098.156416,18.119999999999997,0,0,0.0,0.0,0.03612363764364205,284,366,324,264,426,184
1776743098.1898093,18.119999999999997,0,0,0.0,0.0,0.03612363764364205,284,366,324,264,426,184
1776743098.2014115,18.119999999999997,0,0,0.0,0.0,0.03612363764364205,284,366,324,264,426,184
1776743098.2527905,18.119999999999997,0,0,0.0,0.0,0.03612363764364205,284,366,324,264,426,184
1776743098.285394,18.119999999999997,0,0,0.0,0.0,0.03612363764364205,284,366,324,264,426,184
1776743098.3183086,18.119999999999997,0,0,0.0,0.0,0.03612363764364205,284,366,324,264,426,184
1776743098.3491642,18.119999999999997,0,0,0.0,0.0,0.03612363764364205,284,366,324,264,426,184
1776743098.3806841,18.119999999999997,0,0,0.0,0.0,0.03612363764364205,284,366,324,264,426,184
1776743098.4122455,18.119999999999997,0,0,0.0,0.0,0.03612363764364205,284,366,324,264,426,184
1776743098.4446967,18.119999999999997,0,0,0.0,0.0,0.03612363764364205,284,366,324,264,426,184
1776743098.5189633,18.119999999999997,0,0,0.0,0.0,0.03612363764364205,284,366,324,264,426,184
1776743098.534213,18.119999999999997,0,0,0.0,0.0,0.03612363764364205,284,366,324,264,426,184
1776743098.5562317,18.119999999999997,0,0,0.0,0.0,0.03612363764364205,284,366,324,264,426,184
1776743098.588644,18.119999999999997,0,0,0.0,0.0,0.03612363764364205,284,366,324,264,426,184
1776743098.6005394,18.119999999999997,0,0,0.0,0.0,0.03612363764364205,284,366,324,264,426,184
1776743098.621237,18.119999999999997,0,0,0.0,0.0,0.03612363764364205,284,366,324,264,426,184
1776743098.6848354,18.119999999999997,0,0,0.0,0.0,0.03612363764364205,284,366,324,264,426,184
1776743098.71591,18.119999999999997,0,0,0.0,0.0,0.03612363764364205,284,366,324,264,426,184
1776743098.7487664,18.119999999999997,0,0,0.0,0.0,0.03612363764364205,284,366,324,264,426,184
1776743098.7803915,18.119999999999997,0,0,0.0,0.0,0.03612363764364205,284,366,324,264,426,184
1776743098.8126495,18.119999999999997,0,0,0.0,0.0,0.03612363764364205,284,366,324,264,426,184
1776743098.8451421,18.119999999999997,0,0,0.0,0.0,0.03612363764364205,284,366,324,264,426,184
1776743098.8756175,18.119999999999997,0,0,0.0,0.0,0.03612363764364205,284,366,324,264,426,184
1776743098.928864,18.119999999999997,0,0,0.0,0.0,0.03612363764364205,284,366,324,264,426,184
1776743098.9550908,18.119999999999997,0,0,0.0,0.0,0.03612363764364205,284,366,324,264,426,184
1776743098.9692156,18.119999999999997,0,0,0.0,0.0,0.03612363764364205,284,366,324,264,426,184
1776743098.9899573,18.119999999999997,0,0,0.0,0.0,0.03612363764364205,284,366,324,264,426,184
1776743099.0226996,18.119999999999997,0,0,0.0,0.0,0.03612363764364205,284,366,324,264,426,184
1776743099.0833015,18.119999999999997,0,0,0.0,0.0,0.03612363764364205,284,366,324,264,426,184
1776743099.1147254,18.119999999999997,0,0,0.0,0.0,0.03612363764364205,284,366,324,264,426,184
1776743099.1490052,18.119999999999997,0,0,0.0,0.0,0.03612363764364205,284,366,324,264,426,184
1776743099.1808145,18.119999999999997,0,0,0.0,0.0,0.03612363764364205,284,366,324,264,426,184
1776743099.2126074,18.119999999999997,0,0,0.0,0.0,0.03612363764364205,284,366,324,264,426,184
1776743099.2466347,18.119999999999997,0,0,0.0,0.0,0.03612363764364205,284,366,324,264,426,184
1776743099.2748187,18.119999999999997,0,0,0.0,0.0,0.03612363764364205,284,366,324,264,426,184
1776743099.3250885,18.119999999999997,0,0,0.0,0.0,0.03612363764364205,284,366,324,264,426,184
1776743099.3569157,18.119999999999997,0,0,0.0,0.0,0.03612363764364205,284,366,324,264,426,184
1776743099.3695333,18.119999999999997,0,0,0.0,0.0,0.03612363764364205,284,366,324,264,426,184
1776743099.388322,18.119999999999997,0,0,0.0,0.0,0.03612363764364205,284,366,324,264,426,184
1776743099.4537907,18.119999999999997,0,0,0.0,0.0,0.03612363764364205,284,366,324,264,426,184
1776743099.4834933,18.119999999999997,0,0,0.0,0.0,0.03612363764364205,284,366,324,264,426,184
1776743099.5163748,18.119999999999997,0,0,0.0,0.0,0.03612363764364205,284,366,324,264,426,184
1776743099.5506876,18.119999999999997,0,0,0.0,0.0,0.03612363764364205,284,366,324,264,426,184
1776743099.5800698,18.119999999999997,0,0,0.0,0.0,0.03612363764364205,284,366,324,264,426,184
1776743099.6129012,18.119999999999997,0,0,0.0,0.0,0.03612363764364205,284,366,324,264,426,184
1776743099.645064,18.119999999999997,0,0,0.0,0.0,0.03612363764364205,284,366,324,264,426,184
1776743099.675084,18.119999999999997,0,0,0.0,0.0,0.03612363764364205,284,366,324,264,426,184
1776743099.7227752,18.119999999999997,0,0,0.0,0.0,0.03612363764364205,284,366,324,264,426,184
1776743099.7578583,18.119999999999997,0,0,0.0,0.0,0.03612363764364205,284,366,324,264,426,184
1776743099.7703848,18.119999999999997,0,0,0.0,0.0,0.03612363764364205,284,366,324,264,426,184
1776743099.7875845,18.119999999999997,0,0,0.0,0.0,0.03612363764364205,284,366,324,264,426,184
1776743099.8520133,18.119999999999997,0,0,0.0,0.0,0.03612363764364205,284,366,324,264,426,184
1776743099.8839934,18.119999999999997,0,0,0.0,0.0,0.03612363764364205,284,366,324,264,426,184
1776743099.915621,18.119999999999997,0,0,0.0,0.0,0.03612363764364205,284,366,324,264,426,184
1776743099.9475937,18.119999999999997,0,0,0.0,0.0,0.03612363764364205,284,366,324,264,426,184
1776743099.979722,18.119999999999997,0,0,0.0,0.0,0.03612363764364205,284,366,324,264,426,184
1776743100.0146663,18.119999999999997,0,0,0.0,0.0,0.03612363764364205,284,366,324,264,426,184
1776743100.045673,18.119999999999997,0,0,0.0,0.0,0.03612363764364205,284,366,324,264,426,184
1776743100.0913007,18.119999999999997,0,0,0.0,0.0,0.03612363764364205,284,366,324,264,426,184
1776743100.1232193,18.119999999999997,0,0,0.0,0.0,0.03612363764364205,284,366,324,264,426,184
1776743100.137024,18.119999999999997,0,0,0.0,0.0,0.03612363764364205,284,366,324,264,426,184
1776743100.1565764,18.119999999999997,0,0,0.0,0.0,0.03612363764364205,284,366,324,264,426,184
1776743100.19093,18.119999999999997,0,0,0.0,0.0,0.03612363764364205,284,366,324,264,426,184
1776743100.2223818,18.119999999999997,0,0,0.0,0.0,0.03612363764364205,284,366,324,264,426,184
1776743100.28615,18.119999999999997,0,0,0.0,0.0,0.03612363764364205,284,366,324,264,426,184
1776743100.3163788,18.119999999999997,0,0,0.0,0.0,0.03612363764364205,284,366,324,264,426,184
1776743100.3483684,18.119999999999997,0,0,0.0,0.0,0.03612363764364205,284,366,324,264,426,184
1776743100.3813484,18.119999999999997,0,0,0.0,0.0,0.03612363764364205,284,366,324,264,426,184
1776743100.4131763,18.119999999999997,0,0,0.0,0.0,0.03612363764364205,284,366,324,264,426,184
1776743100.4445028,18.119999999999997,0,0,0.0,0.0,0.03612363764364205,284,366,324,264,426,184
1776743100.4941032,18.119999999999997,0,0,0.0,0.0,0.03612363764364205,284,366,324,264,426,184
1776743100.5243456,18.119999999999997,0,0,0.0,0.0,0.03612363764364205,284,366,324,264,426,184
1776743100.5381765,18.119999999999997,0,0,0.0,0.0,0.03612363764364205,284,366,324,264,426,184
1776743100.554798,18.119999999999997,0,0,0.0,0.0,0.03612363764364205,284,366,324,264,426,184
1776743100.5889797,18.119999999999997,0,0,0.0,0.0,0.03612363764364205,284,366,324,264,426,184
1776743100.6534207,18.119999999999997,0,0,0.0,0.0,0.03612363764364205,284,366,324,264,426,184
1776743100.6837544,18.119999999999997,0,0,0.0,0.0,0.03612363764364205,284,366,324,264,426,184
1776743100.7166464,18.119999999999997,0,0,0.0,0.0,0.03612363764364205,284,366,324,264,426,184
1776743100.7469463,18.119999999999997,0,0,0.0,0.0,0.03612363764364205,284,366,324,264,426,184
1776743100.7803078,18.119999999999997,0,0,0.0,0.0,0.03612363764364205,284,366,324,264,426,184
1776743100.8140352,18.119999999999997,0,0,0.0,0.0,0.03612363764364205,284,366,324,264,426,184
1776743100.843332,18.119999999999997,0,0,0.0,0.0,0.03612363764364205,284,366,324,264,426,184
1776743100.8930497,18.119999999999997,0,0,0.0,0.0,0.03612363764364205,284,366,324,264,426,184
